"Title","Media URL","Pinterest board","Description","Link","Publish date"
"Cabinet Refacing vs. Painting vs. Replacing: 2026 Costs","https://thebudgethomefixes.com/pins/cabinet-refacing-vs-repainting-vs-replacing.jpg","Budget Kitchen Updates","Pro painting runs about $1,500–$5,000, refacing $4,000–$12,000, new cabinets $2,000–$32,000+. Compare costs, timelines and hidden fees before you choose. Full breakdown with sources at thebudgethomefixes.com.","https://thebudgethomefixes.com/blog/cabinet-refacing-vs-repainting-vs-replacing/","2026-09-22T14:00:00"
"Command Hooks vs. Nails and Screws in 2026: Cost and Limits","https://thebudgethomefixes.com/pins/command-hooks-vs-nails-screws.jpg","Small Space Storage Ideas","Adhesive hooks run about $0.50 to $1.50 each and hold 1 to 16 lb depending on strip size; nails cost under $2. Ratings, surfaces to avoid and move-out costs. Full breakdown with sources at thebudgethomefixes.com.","https://thebudgethomefixes.com/blog/command-hooks-vs-nails-screws/","2026-09-22T23:00:00"
"How Much Does It Cost to Paint a Bathroom? 2026 Price Guide","https://thebudgethomefixes.com/pins/cost-to-paint-a-bathroom.jpg","Painting Costs and Tips","Painting a bathroom costs about $50–$400 in DIY materials and $150–$800 with a pro for most rooms, and many painters set a $250+ minimum. See costs by size. Full breakdown with sources at thebudgethomefixes.com.","https://thebudgethomefixes.com/blog/cost-to-paint-a-bathroom/","2026-09-23T14:00:00"
"Cost to Paint a Bedroom in 2026: DIY vs. Pro Price Guide","https://thebudgethomefixes.com/pins/cost-to-paint-a-bedroom.jpg","Painting Costs and Tips","Painting a bedroom costs about $50–$160 in paint if you DIY and roughly $300–$900 if you hire a pro. See costs by room size, add-ons, and how to calculate your own. Full breakdown with sources at thebudgethomefixes.com.","https://thebudgethomefixes.com/blog/cost-to-paint-a-bedroom/","2026-09-23T23:00:00"
"How Much Does It Cost to Paint a Living Room? (2026 Guide)","https://thebudgethomefixes.com/pins/cost-to-paint-a-living-room.jpg","Painting Costs and Tips","Painting a living room costs about $60–$190 in paint if you DIY and $300–$1,800 with a pro, depending on size and ceiling height. See costs by room size. Full breakdown with sources at thebudgethomefixes.com.","https://thebudgethomefixes.com/blog/cost-to-paint-a-living-room/","2026-09-24T14:00:00"
"Cost to Paint Kitchen Cabinets in 2026: DIY vs. Pro","https://thebudgethomefixes.com/pins/cost-to-paint-kitchen-cabinets.jpg","Budget Kitchen Updates","Painting kitchen cabinets costs about $200–$600 in materials if you DIY and roughly $2,000–$6,500 with a pro. See per-door prices, timelines and cost drivers. Full breakdown with sources at thebudgethomefixes.com.","https://thebudgethomefixes.com/blog/cost-to-paint-kitchen-cabinets/","2026-09-24T23:00:00"
"Countertop Film vs. New Countertop: 2026 Cost Guide","https://thebudgethomefixes.com/pins/countertop-film-vs-replacing-countertop.jpg","Budget Kitchen Updates","Peel-and-stick countertop film costs about $20–$120 for a typical kitchen; new laminate runs $600–$2,400. Compare heat limits, lifespan and renter risk. Full breakdown with sources at thebudgethomefixes.com.","https://thebudgethomefixes.com/blog/countertop-film-vs-replacing-countertop/","2026-09-25T14:00:00"
"Freestanding vs. Built-In Shelves: 2026 Cost Guide","https://thebudgethomefixes.com/pins/freestanding-vs-built-in-shelving-cost.jpg","Small Space Storage Ideas","A freestanding bookcase costs about $25–$350; hired-out built-ins usually run $1,000–$5,000. Compare per-foot prices, weight limits and cost per year. Full breakdown with sources at thebudgethomefixes.com.","https://thebudgethomefixes.com/blog/freestanding-vs-built-in-shelving-cost/","2026-09-25T23:00:00"
"How to Get Your Full Security Deposit Back in 2026","https://thebudgethomefixes.com/pins/get-your-full-security-deposit-back.jpg","Renter Tips and Deposit Guides","Landlords can deduct for damage and unpaid rent, not normal wear and tear. Return deadlines run 14 to 30 days in the states checked. Move-out checklist inside. Full breakdown with sources at thebudgethomefixes.com.","https://thebudgethomefixes.com/blog/get-your-full-security-deposit-back/","2026-09-26T14:00:00"
"Apartment Move-In Checklist and $200 Budget (2026)","https://thebudgethomefixes.com/pins/move-in-upgrade-budget-first-200.jpg","Renter Tips and Deposit Guides","A first-week move-in checklist for renters: free safety checks, what the extras cost, and a $170 shopping plan priced from September 2026 retail listings. Full breakdown with sources at thebudgethomefixes.com.","https://thebudgethomefixes.com/blog/move-in-upgrade-budget-first-200/","2026-09-26T23:00:00"
"Move-Out Cleaning Cost 2026: DIY vs. Hiring a Cleaner","https://thebudgethomefixes.com/pins/move-out-cleaning-diy-vs-professional.jpg","Renter Tips and Deposit Guides","Pros charge about $110–$350 to clean a one-bedroom at move-out in 2026 guides; DIY supplies start near $26. Prices by size, add-ons, time and when to hire. Full breakdown with sources at thebudgethomefixes.com.","https://thebudgethomefixes.com/blog/move-out-cleaning-diy-vs-professional/","2026-09-27T14:00:00"
"Over-Door Organizers vs. Closet Systems: 2026 Costs","https://thebudgethomefixes.com/pins/over-door-organizers-vs-closet-systems.jpg","Small Space Storage Ideas","Over-door organizers cost about $10–$40, wire closet kits up to $175, and pro custom reach-ins $800–$5,000. See cost per closet foot and who should buy what. Full breakdown with sources at thebudgethomefixes.com.","https://thebudgethomefixes.com/blog/over-door-organizers-vs-closet-systems/","2026-09-27T23:00:00"
"Paint Sprayer vs. Roller: Is Spraying Worth It in 2026?","https://thebudgethomefixes.com/pins/paint-roller-vs-sprayer-cost.jpg","Painting Costs and Tips","A rented airless sprayer runs about $85–$100 a day and can use 25–33% more paint. See real costs for one room and a whole apartment, and when spraying wins. Full breakdown with sources at thebudgethomefixes.com.","https://thebudgethomefixes.com/blog/paint-roller-vs-sprayer-cost/","2026-09-28T14:00:00"
"Peel-and-Stick Backsplash vs. Tile: 2026 Cost Comparison","https://thebudgethomefixes.com/pins/peel-and-stick-backsplash-vs-tile.jpg","Budget Kitchen Updates","Peel-and-stick costs roughly $30–$450 for a 30 sq ft backsplash; professional tile runs about $500–$1,700. See heat limits, lifespan and renter risks. Full breakdown with sources at thebudgethomefixes.com.","https://thebudgethomefixes.com/blog/peel-and-stick-backsplash-vs-tile/","2026-09-28T23:00:00"
"Peel-and-Stick Wallpaper vs. Paint in 2026: Cost Guide","https://thebudgethomefixes.com/pins/peel-and-stick-wallpaper-vs-paint.jpg","Removable Wallpaper and Decor","Paint costs about $18–$96 for an accent wall; budget peel-and-stick runs roughly $100–$225. See cost, lifespan, wall rules and renter risk to pick the right one. Full breakdown with sources at thebudgethomefixes.com.","https://thebudgethomefixes.com/blog/peel-and-stick-wallpaper-vs-paint/","2026-09-29T14:00:00"
"Removable Wallpaper Cost Per Room in 2026: Rolls and Prices","https://thebudgethomefixes.com/pins/removable-wallpaper-cost-per-room.jpg","Removable Wallpaper and Decor","A 12-ft accent wall takes 4 to 8 rolls, about $100 to $360 at mainstream prices; a full bedroom runs $375 to $1,300. Roll math, repeats and waste explained. Full breakdown with sources at thebudgethomefixes.com.","https://thebudgethomefixes.com/blog/removable-wallpaper-cost-per-room/","2026-09-29T23:00:00"
"Wall Decals vs. Peel-and-Stick Wallpaper: Costs in 2026","https://thebudgethomefixes.com/pins/removable-wallpaper-vs-wall-decals.jpg","Removable Wallpaper and Decor","Decal sets run about $11–$46 and cover an accent; wallpaper for a 96 sq ft wall runs about $104–$240. See cost, wall rules, removal risk and reuse for renters. Full breakdown with sources at thebudgethomefixes.com.","https://thebudgethomefixes.com/blog/removable-wallpaper-vs-wall-decals/","2026-09-30T14:00:00"
"Renter-Friendly Flooring: 2026 Cost Per Sq Ft Compared","https://thebudgethomefixes.com/pins/renter-friendly-flooring-cost-comparison.jpg","Renter Tips and Deposit Guides","Renter-friendly flooring costs about $0.70 to $13 per sq ft in 2026. Compare rugs, peel-and-stick, carpet tiles, foam and click vinyl by cost and residue risk. Full breakdown with sources at thebudgethomefixes.com.","https://thebudgethomefixes.com/blog/renter-friendly-flooring-cost-comparison/","2026-09-30T23:00:00"
"10 Renter-Friendly Upgrades: 2026 Prices and Deposit Risk","https://thebudgethomefixes.com/pins/renter-friendly-upgrades-with-prices.jpg","Renter Tips and Deposit Guides","Ten renter-friendly upgrades with 2026 retail prices from about $3 to $150, a deposit-risk rating for each, and how to get your landlord to OK them in writing. Full breakdown with sources at thebudgethomefixes.com.","https://thebudgethomefixes.com/blog/renter-friendly-upgrades-with-prices/","2026-10-01T14:00:00"
"Under-Cabinet Lighting Cost: Stick-On vs. Hardwired (2026)","https://thebudgethomefixes.com/pins/stick-on-vs-hardwired-under-cabinet-lighting.jpg","Budget Kitchen Updates","Battery and plug-in under-cabinet lights cost roughly $15–$250 for a typical counter; hardwired jobs run about $250–$800 with an electrician. 2026 guide. Full breakdown with sources at thebudgethomefixes.com.","https://thebudgethomefixes.com/blog/stick-on-vs-hardwired-under-cabinet-lighting/","2026-10-01T23:00:00"
